timestamp,Alcohol,Methane,NaturalGas,CO,H2,CO2
2023-05-01 12:00:00,80,80,80,80,80,105
2023-05-01 12:01:00,80,80,80,80,80,105
2023-05-01 12:02:00,105,80,80,80,80,105
2023-05-01 12:03:00,80,80,105,80,80,105
2023-05-01 12:04:00,80,105,80,80,80,105
2023-05-01 12:05:00,80,105,80,80,80,105
2023-05-01 12:06:00,105,105,80,80,80,105
2023-05-01 12:07:00,80,105,80,80,80,105
2023-05-01 12:08:00,80,105,80,80,80,105
2023-05-01 12:09:00,80,105,80,80,80,105
2023-05-01 12:09:30,81.5110253524235,64.8283542946854,100.1796338760793,98.90891119512648,77.51955814779146,51.71109774212204
2023-05-01 12:10:00,74.60645861595097,86.99379758103657,62.13351379540485,85.79408349878729,114.49671867118496,110.90796383497324
2023-05-01 12:10:30,92.43907931210896,60.24427655832952,76.56205331010568,66.64711693534151,51.93140310042311,75.59296682410381
2023-05-01 12:11:00,84.75360061569359,55.90910651766974,99.23502820552386,57.35949250608311,95.82765411884208,103.2035683211109
2023-05-01 12:11:30,113.153503387595,61.88390489796777,50.57849045562408,114.98294027280961,81.86665605503788,66.28502149687806
2023-05-01 12:12:00,51.08379263922185,85.94041714407899,93.87664922209612,115.77281618718702,73.94089649632976,51.64943975677195
2023-05-01 12:12:30,82.04189954011726,111.54966465421255,80.90896600108834,114.72060812496349,97.53426454552556,53.306456141646514
2023-05-01 12:13:00,80.15645655735622,108.69578985815096,99.90420621459899,84.2780042228564,114.4709832069491,74.1844779742269
2023-05-01 12:13:30,82.82723314798078,113.4000915143815,77.99317321272139,57.75209531668844,111.84209195413248,59.12622549701838
2023-05-01 12:14:00,101.77003833529511,50.54764536810404,68.08078221128835,100.3754201085269,113.45807223797121,98.01973413052117
2023-05-01 12:14:30,80.44381225095931,75.77392729340424,63.37537019714626,117.45694427193527,109.35045925461517,89.97664157883835
2023-05-01 12:15:00,52.17194797006819,69.5171219146623,56.294767260595265,64.68554149732904,73.47763145697004,74.84304942360708
2023-05-01 12:15:30,113.41466664021539,119.16492257660441,62.655995921286774,67.66478761818489,86.58777470016251,115.49860741954515
2023-05-01 12:16:00,55.144546588259324,105.32249715128359,115.12849021271612,90.10720891900624,63.72648109333161,91.2410870237743
2023-05-01 12:16:30,56.83090141441207,102.99620157101799,117.60677719138515,103.30708928517268,71.3031831562316,51.57373494519132
2023-05-01 12:17:00,92.42530520212017,115.59593987818995,78.01111575969898,102.93670171951483,69.48588581936313,99.94740797238134
2023-05-01 12:17:30,91.05934847017751,100.8402615535087,58.36805164225558,53.986914575174026,50.11630600546688,74.15015914336591
2023-05-01 12:18:00,65.54638862068282,98.88627458129295,113.27270814023717,112.09631863923113,112.86801267641205,50.887627011705646
2023-05-01 12:18:30,90.87550746678991,56.826794399116125,67.96754529473571,117.48732559454834,90.19210353022032,63.98971785897993
2023-05-01 12:19:00,68.94817601237268,96.37002357276762,70.66441110954682,79.42694256106712,88.28685111493678,53.85196427967038
2023-05-01 12:19:30,86.62203534471752,105.73283216956216,64.73577543782291,89.28889415959455,97.82745552392922,100.24998910916605
2023-05-01 12:20:00,94.28257622704649,108.94337413145689,105.34542502488725,84.86178567927041,113.52751964679963,67.03259783314951
2023-05-01 12:20:30,76.58538132978775,109.51077995550773,100.03420009599566,87.10233387544213,63.02965197789683,50.53504411199348
2023-05-01 12:21:00,111.02569292156849,83.10070385288094,71.53339836366209,114.1474119605621,62.86975472795998,111.70876265575752
2023-05-01 12:21:30,114.41990721574754,59.119225334877356,81.56138460828407,92.60882516949226,91.85022876263834,115.03084908812902
2023-05-01 12:22:00,93.55893377281296,80.28253648706013,115.2857645109642,56.491976179446034,119.2518534558475,101.74418041661261
2023-05-01 12:22:30,70.92960072808678,71.47990160264406,66.31555759883972,64.96364864643058,88.30802097195794,119.85818456668669
2023-05-01 12:23:00,102.37492399973449,52.53030630748182,111.58876826429702,118.37400493571577,86.19619350070718,51.19810013086947
2023-05-01 12:23:30,59.16691948252121,116.3864196816002,83.75817734986484,90.05996921606598,67.85602653919827,81.16696445204987
2023-05-01 12:24:00,71.73922002704879,90.65006311370247,70.00963169730178,68.92991122289396,96.9937766937214,52.03499021557414
2023-05-01 12:24:30,94.35702475490253,85.92683821643112,72.57220430719816,76.83817870597896,105.43420806992009,107.28521548196149
2023-05-01 12:25:00,67.37887028070037,75.91195104205015,103.35021738868184,113.7645082242027,72.06593842434445,61.71015319958068
2023-05-01 12:25:30,75.8501780329436,69.30399216050154,98.89631394639561,74.97726653916126,98.87427823158266,77.12994872659559
2023-05-01 12:26:00,109.7270315245342,104.4497427849474,68.84946167049264,81.74039424879251,70.9841833022446,60.78743479488371
2023-05-01 12:26:30,67.30855539161965,108.45226081094998,66.02380541315318,97.7042515542409,109.63990214680987,115.76223529755362
2023-05-01 12:27:00,75.15564995733783,71.0246129381747,95.72660414937275,59.20276222425612,56.31246738258541,113.31630985588575
2023-05-01 12:27:30,107.79738258599727,60.58013147912078,116.35943344600784,54.783539825430175,75.69845294706433,100.01818730676334
2023-05-01 12:28:00,104.5948825446895,50.60532633292711,77.61402762354341,100.1555621385624,74.66325739209533,82.26396259625989
2023-05-01 12:28:30,50.047693882628245,77.17450814512641,102.24495719196875,54.299273694119094,109.586687725634,91.28155921401732
2023-05-01 12:29:00,71.61099368222524,60.394953964733524,68.10784373212519,106.70397022265048,100.13234596593878,78.5325208983415
2023-05-01 12:29:30,55.968381293776886,71.27740937081101,65.20992416382549,116.69080180284297,92.89088715043897,114.50338598577186
2023-05-01 12:30:00,58.22262776755291,69.97839776462222,77.99830559619494,85.27377700343922,90.56615165751684,150.45409155784
2023-05-01 12:30:30,50.92439621868756,67.8420772698419,72.90927775351867,80.31530073522202,90.85090625327473,749.3307443409263
2023-05-01 12:31:00,58.13525098347021,65.36224879720952,78.07062139085758,83.06219145029006,93.76703692485023,452.30502618605783
2023-05-01 12:31:30,50.69774215346543,66.13493442052943,70.43796407299529,89.90079741039958,97.5097637197957,979.9559156930716
2023-05-01 12:32:00,53.32230620394268,66.57564450824626,78.84166534547523,81.05609805876408,90.06717322298442,211.0631243356288
2023-05-01 12:32:30,57.41769237351214,64.79894318748032,70.71778188335263,84.98082752471804,98.92044493778394,874.7610322292836
2023-05-01 12:33:00,55.47142504466464,63.297700995888526,78.26344931482961,87.27854387711189,96.05795127844195,627.1078844016079
2023-05-01 12:33:30,53.577078292712116,67.13524509405939,76.45927550425237,82.04065339846773,97.69237767396818,360.2988634856838
2023-05-01 12:34:00,53.84079577969879,67.52874120085141,77.82020789907253,85.73938127260195,94.38767808290723,467.4070452079129
2023-05-01 12:34:30,50.15395402748494,67.810618292492,71.06609428357733,80.29298726352499,94.64448467731074,196.05168214885725
2023-05-01 12:35:00,58.10094232569377,66.50777973840297,76.63068420968908,86.5955314439791,98.76909853874592,240.50418617777189
2023-05-01 12:35:30,59.41589037506414,69.4421695884879,75.29062268064082,83.80681449903807,91.96851951248706,902.8946647557937
2023-05-01 12:36:00,52.758254845171656,60.218078444433914,71.22475439799935,81.38421410405688,94.71143832021455,183.385416069151
2023-05-01 12:36:30,54.140019958461615,64.00753653061268,72.3820501640691,82.726426043137,91.36720222087668,353.9437748562066
2023-05-01 12:37:00,56.00589937358364,69.49708174305638,74.98987441856946,81.802648618447,92.88912171186776,890.8352174351506
2023-05-01 12:37:30,58.03263967202947,64.9650622606406,77.48897275796236,82.177287898695,96.18300574720112,114.34711993668829
2023-05-01 12:38:00,51.061863480363364,69.70160727401465,70.23702065912421,87.90019540848299,92.78920399088632,112.77614531670469
2023-05-01 12:38:30,54.070044580177175,61.09272934576708,70.90600257353779,86.19666476073328,90.40061759111015,107.84141167291389
2023-05-01 12:39:00,53.28807531831842,68.9847131554004,73.63978763961913,80.93796705826081,91.20123253598061,101.08100503435865
2023-05-01 12:39:30,56.098072226393555,65.95758058131396,78.92053842719604,89.11795134537631,97.6426280447576,101.50160816735804
2023-05-01 12:40:00,54.19205404413048,68.4258359673617,78.3515409778965,87.37480762022413,92.14875343939427,117.42723039658135
2023-05-01 12:40:30,57.87806130068273,60.77055581379545,76.2989310685904,83.78097395386305,92.6078196142549,114.97245109145659
2023-05-01 12:41:00,53.54019569358346,67.68589195011025,75.5101791230809,82.7575972579585,94.35344724388858,109.72240445933252
2023-05-01 12:41:30,59.889651710104,69.02849945254806,71.08435200794455,85.81079860591251,97.8056283482696,104.20662964156689
2023-05-01 12:42:00,54.94921263213658,66.42263388239671,75.15674075330634,87.41002020238005,94.14282444998224,116.41822745967336
2023-05-01 12:42:30,55.60118728656585,62.72281339204214,70.25704803555703,89.9067294174574,97.61691424184039,118.73430619745156
2023-05-01 12:43:00,58.52287517891017,68.01208813225051,73.95011662438074,81.55327793618258,96.06016471917468,115.2444138811015
2023-05-01 12:43:30,50.453377250751785,68.15674155544193,78.01718865445858,86.06638980364042,99.844268842427,110.51303163841924
2023-05-01 12:44:00,58.85574658018345,69.4972801384227,72.08066597867739,85.66733583638478,94.66684088176838,102.42089886519251
2023-05-01 12:44:30,55.74982021206697,65.50312694956772,75.95212296833263,81.65165611696393,90.93232427142263,108.25150333810518
2023-05-01 12:45:00,53.771077431300725,60.01799465032829,75.74999099421686,86.03551718357505,91.37943128734601,116.19095205638004
2023-05-01 12:45:30,56.095574180395104,63.810798253087746,77.96146927237305,83.51711256047618,93.35903697395601,111.84954667721075
2023-05-01 12:46:00,50.465424446938265,63.63153796217711,73.68052121290364,87.0356126565837,99.6444928346515,108.38766504624728
2023-05-01 12:46:30,51.47100160333478,63.12254169314181,77.20959733184574,83.80015598507278,96.52141606519683,111.22183304036106
2023-05-01 12:47:00,55.658962608650185,62.41417243831574,71.91212344005184,84.00273308783146,99.23526140945188,101.65829004525179
2023-05-01 12:47:30,54.873504393942184,62.556969037346306,72.61648448066082,87.74747266481295,92.55110513722127,118.10049313324299
2023-05-01 12:48:00,51.18534299494405,67.94479700325658,74.36620174078084,82.08432040422484,99.0627456798506,117.55664227140221
2023-05-01 12:48:30,58.937543003233216,60.13525337339951,78.6826970813608,84.83004811822465,95.27988155163226,108.30209445518771
2023-05-01 12:49:00,54.45368789503285,60.26080927345803,71.39206206594012,89.77894334814249,99.2179512489839,114.12977191149562
2023-05-01 12:49:30,50.212062215306595,62.10723228334499,76.29921524933762,86.73617202855988,92.28943121170317,115.14223414870946
2023-05-01 12:50:00,57.674957413360204,62.5459713388974,72.38950461820515,85.16382695120039,93.77603653904522,117.80886678682039
2023-05-01 12:50:30,57.02712655236913,66.90397568776359,79.3058191209343,84.33695748760874,95.38125010160684,101.15424605524402
2023-05-01 12:51:00,53.51639551440293,60.56738827890739,75.33028320977745,83.75875608001277,93.69664268257499,103.63005941659611
2023-05-01 12:51:30,57.992247657156504,66.2044434724841,73.58674459174142,89.230975862577,97.51011964047642,102.34587191199702
2023-05-01 12:52:00,58.905642321197,63.79423241460771,71.33242530944034,85.29658384671923,93.24532766032574,106.86202844897957
2023-05-01 12:52:30,56.97242564346129,69.03067176783523,76.18428416919596,85.34756052022277,98.91651665208887,112.774175897238
2023-05-01 12:53:00,53.716272735779874,65.13172419816442,74.1644866934133,84.91973285485409,96.94629518049555,111.75042249639597
2023-05-01 12:53:30,59.18115859188911,69.51576607517873,73.37589161040691,80.42425948521453,98.81351182741425,107.47460684587362
2023-05-01 12:54:00,57.31236932815488,60.831088728709894,74.55142185745981,82.56839769941855,90.9360589787363,114.39758276070978
2023-05-01 12:54:30,58.12251951447673,68.46449409105534,79.05514946186226,87.99646373007114,97.61220361298281,104.50359496920592
2023-05-01 12:55:00,55.48466995454998,66.44638027958446,78.50996936253418,82.40635633669953,97.94294450223269,116.71092607751339
2023-05-01 12:55:30,52.085105043906374,62.6555495108765,77.83878092118209,88.1280093985551,98.84032622717679,117.39457476136064
2023-05-01 12:56:00,56.28930466272112,62.713328857665616,79.27949814332935,82.19336571510296,98.05345706189576,104.5742355909469
2023-05-01 12:56:30,54.215720293201485,61.011329486999266,79.91266283716003,80.5382532564266,98.41329476216187,102.07009809775117
2023-05-01 12:57:00,50.89997763343241,66.67296351367514,70.62083949255599,88.51384507191912,95.58095679716146,108.80538651008409
2023-05-01 12:57:30,50.361707035695474,63.73521602710633,74.53693052305736,85.10584517657809,96.63780215630642,100.94607202443062
2023-05-01 12:58:00,56.58107643541168,68.78549853507656,76.90035198895401,89.06156639268508,95.47503310206044,103.47141629175749
2023-05-01 12:58:30,50.59275917740985,66.73185944934434,74.24704260287638,82.63752719923396,94.80985933109051,101.15345968754771
2023-05-01 12:59:00,58.007932413053275,69.46466202116311,76.93187028654965,85.37321755972152,98.35736147293055,103.57359916726324
2023-05-01 12:59:30,55.20640065526696,67.08261940729524,70.00935264441674,83.23410676262816,96.61528062955092,109.84390998881716
2023-05-01 13:00:00,50.67075255252115,68.08834114590219,79.262762112709,83.67738203214138,94.5755294260515,115.45743511113142
2023-05-01 13:00:30,52.677137471239064,61.90494036840211,74.96228398344604,81.60122635139872,92.62825102644751,103.60979835214
2023-05-01 13:01:00,55.74051181040471,63.425683039480255,71.99479134737416,82.08214605045006,91.01367027339609,117.00248001506333
2023-05-01 13:01:30,54.948671968352436,68.26893027691868,77.75836089680647,80.41849052941706,95.3569196153743,105.9944815166101
2023-05-01 13:02:00,55.0179611534246,69.73909201689035,77.22807200853276,85.84005392787225,91.67439250471652,119.8526686986709
2023-05-01 13:02:30,55.25344500574031,63.7487660403515,78.46341951260895,83.58927345879682,97.38071266106715,102.78123855052034
2023-05-01 13:03:00,52.358608200919065,67.70695547175025,71.75569474678062,88.4198494017294,93.33242901235285,114.66140783189257
2023-05-01 13:03:30,53.80390160379909,67.98023834608539,77.97060211947333,84.97865402310094,94.24439709324702,118.02913091528656
2023-05-01 13:04:00,59.437695749601346,63.12788258658303,75.80576373728728,88.58605474965664,99.77207226859306,117.5320018183778
2023-05-01 13:04:30,52.486154957264176,64.49556682776526,78.8610862677762,84.84122888815307,96.77276432546056,119.95319114513939
2023-05-01 13:05:00,58.75241632843577,60.31262286243374,79.51183505913673,85.06762451248962,91.20481200514382,110.02933867556817
2023-05-01 13:05:30,52.03295067306873,65.15806966862174,76.75530368445105,84.56525157675911,97.06991346872678,107.11031173928662
2023-05-01 13:06:00,51.90182656752629,62.980409490389135,71.80102243506097,81.90548089831195,90.41089250085155,102.01781153111696
2023-05-01 13:06:30,50.345308788181406,69.47340449990514,75.38162335159056,80.60207825247772,91.03968658503746,113.95648994924208
2023-05-01 13:07:00,59.62488659028082,67.70882383116674,74.94624164562642,80.85099773955498,95.20907189021737,115.24241016436336
2023-05-01 13:07:30,52.89812307781786,63.80917086930371,76.83237695496999,89.23659339707535,98.5082692612624,117.77345986510333
2023-05-01 13:08:00,57.16266875068702,65.52224698409424,79.74727943981162,80.28746346057555,93.72894124213038,106.97666353260587
2023-05-01 13:08:30,53.386760024701566,62.39439333802213,78.81712789582755,86.67683545401756,90.57663372946475,113.19402207604773
2023-05-01 13:09:00,57.79515466583193,63.66484181877237,73.55150739250793,85.51778882387535,93.7970898326766,111.89888704653275
2023-05-01 13:09:30,53.55298009424101,69.37206915660968,79.34527059838173,86.52272644974445,95.88340306725374,107.94658213806512
2023-05-01 13:10:00,50.67187167644242,65.02722254234921,70.60317407996632,83.27013953153619,93.98336885951066,108.52761641458433
2023-05-01 13:10:30,52.640200957521756,67.12679994506777,77.05891958031086,87.2299423502495,91.95371245607117,110.47447230795231
2023-05-01 13:11:00,56.392317406253255,67.65316379588317,71.62445457548729,87.34016601676278,95.42733131173975,108.77321307447065
2023-05-01 13:11:30,58.807165812234004,62.23783667533225,77.96205173630946,88.15994092770882,94.31695964204782,118.2678259665244
2023-05-01 13:12:00,56.10493650829399,63.05756501584678,78.16869784200202,84.88424370909581,97.03363571241482,111.47208996898085
2023-05-01 13:12:30,55.81395973265603,62.95674415620067,73.8334486597577,84.86059659532235,96.48913238265519,109.05224460195538
2023-05-01 13:13:00,51.77207627917177,67.61234084605871,79.06179087265635,83.76158944206534,90.63964110304413,112.92014320627362
2023-05-01 13:13:30,58.79325559354969,65.55502114871483,70.78533437180239,80.13743224728039,96.03697454065866,112.76438442003052
2023-05-01 13:14:00,59.92288446860705,67.16425712850793,74.04573435674737,81.53612433678998,96.56509968589664,115.33947303150416
2023-05-01 13:14:30,50.26903770295997,67.06858090008498,72.13943046084404,87.91129003933531,97.40915658484865,102.49488624166416
2023-05-01 13:15:00,56.06144309638516,69.35554339068386,71.70703538470241,89.53987960272644,98.00665344090822,106.26264762874544
2023-05-01 13:15:30,57.988225246816164,60.809347183102425,78.30807428884916,83.55943674031897,91.19590930540078,111.41987657720472
2023-05-01 13:16:00,53.27954319633482,69.80707120987628,76.8006840854722,89.9565448906513,91.16419514427601,115.2441186019014
2023-05-01 13:16:30,50.52628063900238,63.88990957440323,76.48469628882782,84.26704186079417,97.10371334620875,104.20583782465502
2023-05-01 13:17:00,50.17991326662348,68.40860013856212,76.82997692824573,87.63186629728223,94.05024342969932,101.49663315029348
2023-05-01 13:17:30,51.697914270542626,61.46757274726959,75.95201047239725,89.65303562843204,94.01086792189358,102.93546469294941
2023-05-01 13:18:00,58.632574366382286,64.21796331253765,71.29705557152613,81.79184462417238,95.90023259504052,116.53205902422737
2023-05-01 13:18:30,53.243851913642125,62.84477161699184,78.52883484416463,84.73819231082125,91.80688251981242,108.08019145548428
2023-05-01 13:19:00,57.57241397624773,63.38411977619963,77.51715093901811,86.45251078682061,96.52252783676911,109.53974988554839
2023-05-01 13:19:30,52.07882163337343,69.33584947179108,73.39525629538517,87.1174890372446,93.99779910254172,100.43870998372388
2023-05-01 13:20:00,52.70092190799381,64.13518637426921,76.36494842146725,81.22684487336315,95.02482254784886,108.9126781531804
2023-05-01 13:20:30,59.26883882384395,61.04784345888988,74.5984054027729,81.08384922226135,97.91511141333767,111.81503107511263
2023-05-01 13:21:00,59.92972469007928,61.79091988321739,70.27855720100169,80.70745676021671,93.85651150895185,109.65930471204231
2023-05-01 13:21:30,52.72461016753882,66.26609411486432,70.85397716264698,84.68796518703314,94.13797234416668,119.66098278275079
2023-05-01 13:22:00,50.55407135923916,66.4101823806078,72.74507242108392,87.04213750804566,93.4882955214212,108.35714999872266
2023-05-01 13:22:30,51.23097579333567,63.99690292451031,73.60381011893807,81.81009952120024,95.56536493972997,119.4657996044146
2023-05-01 13:23:00,57.110634973026016,61.81325701713863,71.43849318311048,81.24709078087952,94.08152415978832,117.98828727791071
2023-05-01 13:23:30,59.360802866778634,60.281624422717876,75.1731233562807,84.98375560521362,91.9743125181377,112.58034780718565
2023-05-01 13:24:00,51.011956185919594,64.72622391968261,71.85141070128157,88.16353207874042,99.37026567228303,106.70353051747203
2023-05-01 13:24:30,55.41272819879367,69.2367856555136,76.60160825822892,81.35419106708613,96.38611283023111,119.41315773619148
2023-05-01 13:25:00,52.49528477955936,62.93847859024328,75.5341369359579,87.81938211315716,91.67636737264476,119.84518203030981
2023-05-01 13:25:30,52.743274892966475,61.57153849440444,71.11117671841208,81.56099437724814,98.1543958151476,114.79026438714794
2023-05-01 13:26:00,54.91618931028191,62.74906061002679,72.60821652489804,88.529094289608,90.82938150990981,100.82033566425577
2023-05-01 13:26:30,58.949646718182045,61.697645492417415,72.13333991100617,89.3624997715111,95.32142499436318,103.71985878685769
2023-05-01 13:27:00,56.36712823095091,65.89253013555135,78.98127542802057,88.96711334118336,97.99059767169794,105.68448216875008
2023-05-01 13:27:30,57.492919776397336,64.89317376288773,73.82984719688733,87.06989447401483,97.73816086839686,106.93772099644175
2023-05-01 13:28:00,57.55172517257752,61.82543892874075,79.36122353347768,88.14011492585222,93.11038968375262,106.80060536511618
2023-05-01 13:28:30,50.74676804605613,63.204789645061695,79.93857139807335,87.73398445252843,99.5744476991838,104.90788135162649
2023-05-01 13:29:00,55.59583862120044,61.4637848233277,70.06056592837567,86.24540912618261,97.11920082645511,108.89485000002172
2023-05-01 13:29:30,53.016298050029356,69.38150637250871,71.56937633470275,82.0762516550339,90.07420430918978,106.9484107657223
2023-05-01 13:30:00,57.17240356480221,67.51592917361612,71.7188714615387,89.65417444050945,90.22929318545188,105.34655325588821
2023-05-01 13:30:30,58.117180202245336,64.80363769362735,72.27886677131215,87.27764563500814,99.62683473929603,100.12469722512454
2023-05-01 13:31:00,56.08874799931752,62.18920141694363,77.77158229211848,85.69515160870122,93.03948567839909,113.84546445098194
2023-05-01 13:31:30,50.6405176619891,69.16678532685248,77.12486397012185,89.82057299008036,93.46224432025025,109.33239554900662
2023-05-01 13:32:00,52.20214331555575,67.36479179516341,72.18548674282887,88.52494335403308,94.75580359366921,103.79765371266312
2023-05-01 13:32:30,59.925085192710824,66.77166527036488,79.60825233267431,80.20888923285119,90.82890014222968,114.81462801908549
2023-05-01 13:33:00,57.20633000921081,64.07229741662923,78.47760208736064,80.658919065152,96.14717776347139,112.24103497820772
2023-05-01 13:33:30,54.019737406069744,65.47665448292564,70.4803764676634,80.41612784246641,90.45252188468136,104.38414370382584
2023-05-01 13:34:00,59.897066762845675,60.58562232848794,79.56169885778775,86.31656133238366,97.62792182850598,109.82213831527542
2023-05-01 13:34:30,59.5640362700695,64.7975580307386,76.79883712130842,85.0165544754647,93.26159482990168,107.39529753585046
2023-05-01 13:35:00,50.60686857894387,69.85957655467325,74.96879081396712,84.13704518966217,92.43358450152276,111.98752990922803
2023-05-01 13:35:30,56.50665410800884,64.15397302974279,75.43439935319972,88.72328433799757,98.9775109832456,109.04445191946552
2023-05-01 13:36:00,50.111601128613806,60.66732443800767,79.76023753346445,83.95009408572835,99.08949557462329,111.89340260440292
2023-05-01 13:36:30,51.33693263481843,64.38152769729295,71.95981266184069,89.50263212404515,94.30657195642328,113.83747904457071
2023-05-01 13:37:00,57.05571155760692,68.09230888952307,73.05065897839737,84.93384959701379,94.0406818421681,116.39866693353663
2023-05-01 13:37:30,59.283036695284025,64.24246601314081,72.10933881648776,87.8875889843034,98.67983576577592,104.6617511587153
2023-05-01 13:38:00,56.515484857787094,63.5313373108869,71.2879122556375,81.37701912623321,96.15842807094967,118.53309004456187
2023-05-01 13:38:30,56.654366740025566,64.14575043708864,70.4468079129379,85.66612210946926,90.14620769951762,111.77742107710502
2023-05-01 13:39:00,50.5639601689035,67.36297874921772,74.08096870133865,89.92736010223112,98.65337580380483,115.64213536791098
2023-05-01 13:39:30,53.55334479345256,62.442823134398374,79.45965442726265,86.36204107896411,93.41917911204055,100.7306122007929
2023-05-01 13:40:00,54.72594187928771,63.308264515895985,78.54918477500509,82.12022862166884,99.13406958166779,104.46459558125318
2023-05-01 13:40:30,53.70435694508518,66.15383486807431,71.07902878580502,81.32081268244131,98.64601607030662,108.297504874535
2023-05-01 13:41:00,53.90040393325374,68.69772410300232,70.50387003192986,83.51455873288262,98.29510306563479,106.89933643916363
2023-05-01 13:41:30,58.714236172767414,69.7341425024605,71.87193996706128,83.52276063425515,97.54327462720933,113.82909082162614
2023-05-01 13:42:00,51.91243848612846,67.85024126411405,79.90775574603282,88.29462798151256,94.68161032615306,119.73589311660217
2023-05-01 13:42:30,51.534696391997805,69.50160372490252,70.27182915447128,83.52943358935897,93.69002846926263,111.67766191830918
2023-05-01 13:43:00,58.16614324098975,68.61053385394419,74.5813599767452,87.30513327991704,95.83914682198494,119.77118621569956
2023-05-01 13:43:30,52.478122385607904,63.67332437746785,74.9336762856654,88.90004053369532,93.32261312062073,118.61135228967564
2023-05-01 13:44:00,58.772205716427436,67.37740417261743,73.8659804575779,88.96391641051325,98.74239828273271,102.28402604771327
2023-05-01 13:44:30,52.36525483771079,61.49653541471375,72.95521651894204,89.74768866313497,90.98774305024322,118.52484526287674
2023-05-01 13:45:00,51.781196342584316,60.90605104358037,74.95308639224511,81.63923775005313,91.11028790832754,115.27399102023891
2023-05-01 13:45:30,51.14430586836689,69.06793911934044,74.54500597454526,86.83692642625019,95.77830153546061,102.16360857773257
2023-05-01 13:46:00,58.88163797735895,68.29539335591562,71.61986926463659,87.72312300362584,95.13396567415163,102.1959818942362
2023-05-01 13:46:30,58.9290120276187,65.71533963805052,72.81842568989256,81.30801503904806,90.35058831667469,106.59669048834103
2023-05-01 13:47:00,53.235513625025256,62.398548899288045,77.65381801142141,89.25032885101712,97.62342325381641,111.61326235665913
2023-05-01 13:47:30,56.39665421930875,68.46324515117418,75.39762190784953,87.24870732004786,96.53913608203199,101.04175802406937
2023-05-01 13:48:00,56.8921514176354,61.462727924580236,78.96715684957907,80.45385032668642,93.58251242958966,108.85255064538384
2023-05-01 13:48:30,56.65523686472891,64.90592444858216,79.37466057900494,83.73940716605057,91.50933082820394,118.135164443201
2023-05-01 13:49:00,53.65736569616217,64.05589037407542,73.50061847121854,87.19917492185937,99.68137880330815,118.11396755112423
2023-05-01 13:49:30,50.43779012081689,64.10668881383343,76.10038079416806,89.33492032320079,92.18975567640341,108.29120918417587
2023-05-01 13:50:00,53.718689689829546,67.24880532848356,71.14847448301511,86.83703608480737,91.61906416292909,116.45529375227544
2023-05-01 13:50:30,59.37297858122724,68.68249890680632,78.01987486070736,85.72978912387543,95.04225765519043,102.64087069275531
2023-05-01 13:51:00,50.49758640007209,68.21804427958425,70.34161541834425,80.56087526513106,95.72318856315556,115.34506302019435
2023-05-01 13:51:30,52.16630387488417,69.8991977740734,71.76363750415504,84.38590434871051,94.43081406738543,103.20188076117809
2023-05-01 13:52:00,54.96189908769654,60.913955788464946,73.13835910389804,80.95391204847749,90.73074023656002,101.00141537732793
2023-05-01 13:52:30,53.56008579182668,68.13509137796396,74.15951382394779,80.71347976512689,92.23187472142918,107.3336397178186
2023-05-01 13:53:00,54.9640418363743,69.786005501135,74.57132423922874,86.76221565215081,90.76245707056091,115.89718890080702
2023-05-01 13:53:30,58.956324163449786,69.10256100731301,78.79024604334046,81.7292371096512,94.73373730875157,101.4704429936598
2023-05-01 13:54:00,54.759570433643134,69.0726296875163,74.801722775036,87.3608403690895,96.25948661157254,112.86107855010006
2023-05-01 13:54:30,53.268939493827524,62.51090217642644,71.8146845703255,81.66765644834054,98.01914905271612,111.09102782772231
2023-05-01 13:55:00,50.06297626875408,66.90284708662776,76.77896872949451,86.02045441853392,96.32289807620505,114.1647666483138
2023-05-01 13:55:30,52.268610440757456,60.21028391387333,77.04836803229651,81.53786713672837,94.23800558231714,101.31638202402897
2023-05-01 13:56:00,56.602476379208696,60.700634936508195,74.2976161610017,87.80836163304737,92.29644015273931,101.81685621826671
2023-05-01 13:56:30,54.69409216691893,62.259370091582575,76.1557929609214,84.12169615675874,96.34004773090203,116.75494933051472
2023-05-01 13:57:00,50.930227125815875,69.97068907944609,71.02324802079106,81.56109876154045,94.17786904215093,104.44365390982388
2023-05-01 13:57:30,54.02334467643628,62.06452659686564,79.01772043444802,88.02029414020616,96.84876990488956,110.03300542712529
2023-05-01 13:58:00,54.862783337943085,62.75220683071527,74.80804170690446,82.65568283119066,97.01283124459388,112.74644804852349
2023-05-01 13:58:30,53.54933249105451,65.5738173933064,75.31023538904138,83.23934122468455,99.22482048796847,100.11675575427074
2023-05-01 13:59:00,53.283874349448155,63.762381757075225,76.87467153741785,84.47268818128754,95.12575193184301,105.32557585676456
2023-05-01 13:59:30,52.498372007115826,63.57085834366266,70.66107594461928,81.97507477899302,97.25691533604332,106.93317859169171
2023-05-01 14:00:00,59.050526172905364,61.14194729575784,74.90503775978472,80.43534368918327,99.97075607032293,109.8994363649396
2023-05-01 14:00:30,59.59255444376336,62.026756876018375,76.83070392940262,87.95101335229653,91.03702765822398,106.95689399778502
2023-05-01 14:01:00,57.318325720269804,66.56905853916139,73.93497899982675,83.93127489313275,94.17838006397757,110.54995304701106
2023-05-01 14:01:30,50.609584502420965,62.24097464365905,73.54086807839906,85.56019561993614,99.18854347785225,110.8752916456647
2023-05-01 14:02:00,54.66089152525535,64.54250539629837,75.92754035118924,81.25134581926899,98.60376885750306,112.0952043814267
2023-05-01 14:02:30,53.918445232579316,67.84099460211053,74.19810709995163,88.66723863675757,98.98060720032424,118.53069346916276
2023-05-01 14:03:00,56.60990558449334,62.02771804710871,75.02019022213653,87.00071236067666,96.04122061190185,109.88963214627537
2023-05-01 14:03:30,55.11687679346037,65.79089934833463,79.15150774810178,87.70065989133613,99.90295286095957,114.06305249605673
2023-05-01 14:04:00,54.73280159255199,68.81347466663593,73.27501995572548,85.24142337725657,95.5444702685828,101.195473563513
2023-05-01 14:04:30,51.12820711319971,65.72500973758592,79.33402645323513,80.13473987290936,99.93246006828097,107.13470883955564
2023-05-01 14:05:00,55.26301591193438,65.88311118891036,75.13400821423576,88.95550294968713,93.69853092714409,115.97431624338029
2023-05-01 14:05:30,55.092217640219516,64.31727366263917,76.3808360114054,89.3595967713629,97.42595289268912,106.900457378867
2023-05-01 14:06:00,53.839012677778726,60.719981015150935,76.41256478106781,86.9608755984089,99.27632361726793,112.73584108379532
2023-05-01 14:06:30,54.91091188461939,67.55399714867329,74.48254001754697,85.29279584313193,92.07557138025683,104.62291548853256
2023-05-01 14:07:00,58.67157105693266,64.34193349051884,72.9411936259432,83.21030973272568,98.44855827018148,111.43698104665141
2023-05-01 14:07:30,54.570723927622964,60.90427639697546,78.71371247669511,85.89065713433148,92.59659877502712,101.62845297406896
2023-05-01 14:08:00,51.83484696085825,69.41816428734501,74.72494571332045,81.50282960234689,95.5772228319333,110.7277538880299
2023-05-01 14:08:30,52.895387895028456,69.00541844939022,71.36545448365975,86.22555403820127,99.0241969163402,117.31198422974498
2023-05-01 14:09:00,52.81559653646726,66.12590148337608,76.76798247891955,89.77236268700707,97.97850412715268,101.43325138668347
2023-05-01 14:09:30,57.34369822544829,69.25419430257409,74.57462369112403,82.79529035001495,91.05090388824495,105.81876331307424
2023-05-01 14:10:00,51.90702089071313,68.45328591564027,73.11722324691527,82.78555405567525,94.57036366117633,104.84533485311198
2023-05-01 14:10:30,54.742486434308844,67.8195952534395,74.97798798388712,81.35717560826427,96.40404624478562,104.57312829148933
2023-05-01 14:11:00,55.137025302560254,65.2523358146909,71.9601936865731,88.68417261438633,99.68515903854149,110.72849984779974
2023-05-01 14:11:30,56.76821767634393,67.97620881136837,75.55713052104358,82.4293048908151,90.25030927465149,109.99769958161541
2023-05-01 14:12:00,59.745034483059506,62.46108412349927,73.77181312014844,87.37785833657765,92.76723775717477,101.43365065871305
2023-05-01 14:12:30,52.68958299677129,68.93800130260779,79.82053644258082,81.11917056109195,90.32345453056644,114.8484776734798
2023-05-01 14:13:00,52.04176613493637,67.6395979378867,76.36941784945283,89.35981637681729,90.75307952783365,102.0504342344618
2023-05-01 14:13:30,59.30347484943559,64.08055977848568,75.44494945150556,86.51869435918303,90.86839681380349,116.1527551443132
2023-05-01 14:14:00,58.05921090474973,66.13906094100524,79.38765958158687,82.39409473294617,94.58909539106767,115.5611228006807
2023-05-01 14:14:30,59.44686315542072,69.1523917441175,76.07369249231829,87.09530129194154,92.70056420567943,117.82521906754064
2023-05-01 14:15:00,56.67000631956804,61.372082276631104,75.19276793881755,85.4335263033646,90.80328156771377,113.67078554092492
2023-05-01 14:15:30,59.861764123473584,69.01080914118741,73.39097301219832,82.06892459283246,97.85542944258448,113.82556024934998
2023-05-01 14:16:00,58.43720248726816,63.4528947607773,77.22722715030098,81.92790238815623,96.73065518104391,105.40840697284047
2023-05-01 14:16:30,56.53533869885496,64.77378510343907,77.07999980588204,83.3429274404194,95.03180738460921,119.78571629017097
2023-05-01 14:17:00,56.07506961920485,65.29811537104915,76.80350763972271,86.67119414256398,97.52929018737223,100.97556248368414
2023-05-01 14:17:30,57.212274234296395,64.36277165260661,74.7804779077754,89.25417768262253,98.18905250163013,111.95082187036226
2023-05-01 14:18:00,57.44694654900174,67.52529430976507,71.470286819508,83.57579910698128,99.32570824667086,103.18652987760763
2023-05-01 14:18:30,56.81403346665353,62.99350037799457,76.48234336377432,82.33510105034006,92.67485293047262,114.85296678761014
2023-05-01 14:19:00,50.44206260996628,65.20452888556956,78.79925058716667,87.17763589334334,90.80307279559614,107.22217294229637
2023-05-01 14:19:30,52.10440654715216,63.19767910231288,75.19753479431225,86.55038824851931,96.10429441570517,106.18915881267787
2023-05-01 14:20:00,51.726464524538905,69.36844346923885,70.62272732355153,84.2476261078444,98.9122447289779,109.02487189534318
2023-05-01 14:20:30,58.64535612576587,67.82544927598114,78.44060087830906,82.63046063429152,98.24091129382744,114.57131556925884
2023-05-01 14:21:00,52.02099932593738,67.54666832988288,76.68920063791508,85.55991710071292,92.27279882667489,118.3959598274783
2023-05-01 14:21:30,54.762448296770586,66.95687315234991,79.19916511582116,85.97934905361313,92.50613200465475,113.72450868492932
2023-05-01 14:22:00,58.50538354098025,67.16704648000898,70.57378319141925,89.98180772474986,96.06235619135188,114.34113923718064
2023-05-01 14:22:30,51.7086061833808,69.4555118985095,75.85440715049612,86.45224206885455,91.6452491555672,106.86039311500755
2023-05-01 14:23:00,59.89742117292054,64.82579187429846,72.35281792157751,80.5499625584733,93.97581987178533,105.37062053428849
2023-05-01 14:23:30,59.13633546367723,64.89379609830854,77.12130817925102,84.9187005215616,90.27778882807696,112.23236823568385
2023-05-01 14:24:00,55.74240758069643,64.85869545864966,70.01505069475544,89.01896480938595,91.06550142696288,107.54123835053998
2023-05-01 14:24:30,52.53648041895802,61.03305336032657,78.51047291542906,81.69373992469015,99.56926461769774,110.40656855015207
2023-05-01 14:25:00,59.317029719315016,68.88248933990708,76.21277199349335,85.95101188723173,92.28464912845931,109.1461378874741
2023-05-01 14:25:30,59.877561321931296,69.56572583567791,78.06244908771211,87.52471540425755,93.65660445224387,106.16681095769097
2023-05-01 14:26:00,59.33194218258502,66.36885027820234,78.51111648584133,89.86971602432845,93.4728261676172,114.28298388753662
2023-05-01 14:26:30,50.74467412652274,67.7097834586114,74.04906017050887,84.43665869437338,94.4068845945922,108.56102024988469
2023-05-01 14:27:00,56.91942201717329,66.08963554076979,70.80197821589704,83.34022060326623,95.12874866468334,101.83270454385617
2023-05-01 14:27:30,58.816704587427886,60.41576768314464,75.26859002707205,86.66732035996847,96.24528706432537,119.77346424538631
2023-05-01 14:28:00,59.45968069048483,61.77650236517329,73.16091397829194,86.05518497536923,94.70939080377762,100.46469030062262
2023-05-01 14:28:30,53.8588765912913,62.29876199994316,79.21574547847219,82.62428736971057,99.69764445869077,104.55568141895715
2023-05-01 14:29:00,59.13742610089698,69.68648085915802,74.49607064618634,83.29389071377247,93.74075813078552,104.03689296039086
2023-05-01 14:29:30,52.42088777151262,68.62708947466604,75.51868451561892,80.37245602367923,97.604848853653,115.56502660424488
2023-05-01 14:30:00,56.982054580745256,65.22224182203367,75.05853121500219,87.75666681231355,93.25975224263955,106.85564421838268
2023-05-01 14:30:30,51.29336796812537,63.5863633207341,77.05166432809698,83.9470128640118,94.4541869118428,114.64733542813546
2023-05-01 14:31:00,54.35034809027209,67.42203850994575,77.93521827878331,80.39150126611344,95.99355759384382,119.2158000105737
2023-05-01 14:31:30,58.21843280893271,60.90919511099515,72.44019234866913,89.48696464222495,99.55416150133138,119.22514423493763
2023-05-01 14:32:00,54.012015188270475,66.67746292362212,77.35445766837947,80.56658780816107,94.94288844905803,114.34307668354663
2023-05-01 14:32:30,53.867221395068206,63.920636835765926,79.26759999117468,80.52255553549286,90.2561929629093,111.48405879142166
2023-05-01 14:33:00,51.2987324358295,64.01756443143394,76.46474063628602,80.88863288898041,98.69919603426882,109.0427234067244
2023-05-01 14:33:30,59.61017522109666,62.3148418107193,74.02443277295497,82.06551714055207,99.28229614652089,110.97551462260039
2023-05-01 14:34:00,56.23445704854606,68.50801113969854,75.97027525701101,83.84481647011133,90.87389473743006,105.32929695300768
2023-05-01 14:34:30,50.962926032005385,67.97343088647305,74.5104186735037,85.23935969209964,96.54159672640783,100.32006612548902
2023-05-01 14:35:00,59.3328433727473,65.80209160766434,73.55796840679501,82.6647775170711,92.42024912112855,112.03272415339954
2023-05-01 14:35:30,57.02856045655034,65.56407485055948,73.91222705654958,82.76783729879325,96.88487753481377,113.88921637805103
2023-05-01 14:36:00,54.1072833801122,64.09124156737327,79.047964338034,89.66307088411344,98.6940098838754,108.49300246829611
2023-05-01 14:36:30,57.55890786112411,65.11035175608431,74.77422359802124,81.54318986315258,91.16737844948815,118.32658387360678
2023-05-01 14:37:00,56.02011233277373,61.93805968013795,78.21022196969975,88.13661812889195,95.54765396729793,100.19890301041116
2023-05-01 14:37:30,51.610811874400106,64.34357272099194,71.15121306175632,84.18095442146713,94.52792598063863,112.2607002168962
2023-05-01 14:38:00,52.862455060369975,62.16640487016769,77.29687260964494,88.0511969877199,94.09479186213355,109.19012458005957
2023-05-01 14:38:30,57.45216226014773,66.0350635549953,75.55569913763996,89.28373469345233,99.36809718978262,100.08251062462202
2023-05-01 14:39:00,58.4212958412866,60.43317346154221,72.79745032333413,82.92828812483774,90.02985424595502,113.51849142120814
2023-05-01 14:39:30,59.20234042351909,67.90369993576746,78.3654032153218,82.76373812195723,93.3050666885847,114.56693176129882
2023-05-01 14:40:00,54.290036462154134,66.2117881988751,78.3741713378783,82.86233609706046,95.04877547532172,106.85571038400471
2023-05-01 14:40:30,57.707254873695454,65.66712413961014,74.29981906780189,88.62532361813903,94.0436953374986,118.34581706961147
2023-05-01 14:41:00,51.70752060567065,69.44847368079401,70.08046912841758,86.87175071678583,96.59427010847308,112.14529004642951
2023-05-01 14:41:30,57.08886612637784,68.14867056170199,72.82829771429677,88.33890650259987,90.85544862580183,109.95666138099615
2023-05-01 14:42:00,50.28323309708423,66.60921888289585,71.5695099474882,89.04204175888603,91.80248509003688,115.77791989894152
2023-05-01 14:42:30,50.471001647810226,64.13571604894797,70.26716061484794,82.3949806849688,96.9228667999571,101.83905237871758
2023-05-01 14:43:00,57.62099646690924,61.11683755045745,70.80287157843894,80.37132356166735,96.4459525912879,108.19336945748768
2023-05-01 14:43:30,58.816532081695456,69.57407967509762,73.68718967974324,88.18909064997094,94.95020776641864,114.75466382386153
2023-05-01 14:44:00,52.130022602823814,66.33096873836764,70.79300023856355,83.84961182568168,92.2567018959687,113.86789998719388
2023-05-01 14:44:30,51.20441583147935,61.51070070645251,71.83589495199857,88.59495929365512,92.07990530923892,103.61111979497633
2023-05-01 14:45:00,51.37563855338626,65.42362544411688,77.49413167354365,88.90466196780656,96.40892326175629,109.99972226366121
2023-05-01 14:45:30,58.54381472834142,61.76762335258397,75.7092306712408,86.249706466141,99.27093201558002,118.39007354303752
2023-05-01 14:46:00,59.93465955789655,65.55713907216744,73.38191918821352,81.69620214136096,97.90780835393375,111.01896857947135
2023-05-01 14:46:30,56.23164749209952,63.37648535662819,76.92992292659656,80.76552364961896,90.55912775946682,115.27702756046175
2023-05-01 14:47:00,58.313117200087675,60.44615343033958,70.11604711430557,88.0319833968438,98.97507063874916,112.16905082293783
2023-05-01 14:47:30,50.230131092007106,61.7807994788714,78.82729690916203,88.93790550593863,90.16665978394997,117.67005574047215
2023-05-01 14:48:00,56.424595726627985,68.11927537499707,74.0317366447332,88.71092258832356,92.87418459442046,117.38409019326414
2023-05-01 14:48:30,59.68692308645238,61.82259273184163,78.80529468030511,87.28174573486818,90.85321828786937,103.88370867370317
2023-05-01 14:49:00,53.29214307731836,68.41159035462825,79.49403855964172,86.93869800320202,97.54639631339934,114.6865232253019
2023-05-01 14:49:30,56.66006181958065,68.71824672533339,73.30136660522429,88.72662229171699,98.54293426958041,114.06011132492554
2023-05-01 14:50:00,56.19165815831203,63.57275203517678,70.32908063766394,87.87108273648953,97.77010382714975,102.59224624881061
2023-05-01 14:50:30,53.37524271047748,69.14347376424226,76.0271527217955,82.37211604422059,94.38254788305677,110.62875297067649
2023-05-01 14:51:00,52.16271245387486,65.37525423217238,77.98219566276185,82.24303995209843,99.43733733162988,105.57540632575393
2023-05-01 14:51:30,57.59748133381704,65.01223072396404,77.89467657819017,86.09442394395678,94.78625783116357,100.97585542014329
2023-05-01 14:52:00,58.68366295456231,66.90546072096404,79.80092293677151,86.11397230269537,99.4931087205723,107.3769053057904
2023-05-01 14:52:30,53.06079043827304,68.86108558381497,78.4510564809526,83.15408587226331,92.7351293456891,112.26841505996353
2023-05-01 14:53:00,56.77124020599922,60.73713610924852,75.76974430882795,82.56476362150661,96.3954853994569,111.37465979635529
2023-05-01 14:53:30,56.81665799823893,69.59344660131795,71.60634425413372,88.11390702018555,94.15558186206353,108.79360829109119
2023-05-01 14:54:00,55.454932701720516,61.195012706666176,78.67586523166862,85.55657508022514,97.18173043125506,117.76930562737196
2023-05-01 14:54:30,59.97060548977168,64.94813093836785,79.01287163980518,87.83767409057967,98.90124981948136,112.04595161302754
2023-05-01 14:55:00,56.264359832133245,69.3112527546038,77.49917765049376,81.88626152278287,99.56534612720378,106.33837097581807
2023-05-01 14:55:30,56.50218146182401,63.73638563163191,77.87357825477311,89.44496876466852,98.23070070367207,105.34984661040878
2023-05-01 14:56:00,52.20489112115262,60.361233578634554,71.55850858434052,80.00430194796544,97.82141173984246,114.81415266754469
2023-05-01 14:56:30,50.53571168655422,65.08082206715423,70.43167187210831,83.18319675641078,95.6532071411142,105.48419611156832
2023-05-01 14:57:00,50.028418840491604,62.72266304203651,79.13695560974743,85.87019755576287,97.94817898976034,112.39417801488534
2023-05-01 14:57:30,53.21772932093191,62.68469427034867,72.70069573642371,89.09872758785289,93.25275508692194,111.25183491559434
2023-05-01 14:58:00,54.24759574891748,63.56926448529854,70.87836700058836,86.57822443148666,91.4316926782963,114.53389925358728
2023-05-01 14:58:30,50.969655576985566,67.89153167389743,78.87278844437154,87.44529618997613,93.14782822050647,111.1591520617108
2023-05-01 14:59:00,59.81858293392782,65.17787104426667,78.23241360696639,85.47456811453274,97.88884973992545,119.52290076297173
2023-05-01 14:59:30,50.31326191770299,62.51640822545239,74.18637983931507,84.6294119844577,99.20692488610759,106.05950747459232
2023-05-01 15:00:00,58.486621610125674,67.14244329602425,73.49886762767593,84.36892292731325,92.41988597271562,107.11972455845472
2023-05-01 15:00:30,50.18100459643032,68.62630030195817,73.05207446771055,88.97717203894737,99.66448950228092,118.05812378354469
2023-05-01 15:01:00,52.34213104986657,60.44841941776517,76.58466058603148,80.77440526043812,96.90174105744543,111.27101840142538
2023-05-01 15:01:30,52.242171747667165,62.309461674252795,72.9745353956597,80.2928274891679,95.48114528918974,117.63764678433681
2023-05-01 15:02:00,58.509273544497056,66.8105705677027,70.49844714052958,86.8604183078162,94.38611488819629,118.3369615407102
2023-05-01 15:02:30,58.80137185417641,62.41606565690231,78.20302036180745,81.10561768826493,97.10320300253994,103.4333374240124
2023-05-01 15:03:00,57.92046758352869,64.93756862617045,74.35400156731275,83.5819832939708,97.31929999149818,110.40531548351137
2023-05-01 15:03:30,52.0965785583398,60.23173287048467,74.46928406219155,85.39282220162332,90.87753153285902,114.67713539281465
2023-05-01 15:04:00,54.42776070107619,66.48779697707658,74.22661855077396,81.47417247948938,95.29030693067753,108.30920856750701
2023-05-01 15:04:30,53.867459706239636,60.11166320057679,76.04930439956584,87.5054681169105,95.18085566743522,111.21259228782097
2023-05-01 15:05:00,50.60169751629418,66.47482025599328,78.7994907406245,80.496731053539,97.6560380130313,108.64106944520617
2023-05-01 15:05:30,54.47828528107871,61.160296313789985,75.6508178268416,86.84840736746581,96.18512759230676,110.01509389734065
2023-05-01 15:06:00,55.25855294430758,65.59879317352271,71.79880987553535,89.69246823897458,91.45959258033541,116.50998338634297
2023-05-01 15:06:30,51.33666281722977,69.97114871886501,70.26767270173725,89.22169180177806,90.27792058664878,119.02675252711947
2023-05-01 15:07:00,53.13801600610259,68.85164215408625,76.95841235959233,84.9154681362073,94.14037703612793,110.44346739043516
2023-05-01 15:07:30,56.84446946607854,63.49907713801976,73.66586947152794,87.63074840686619,91.01995467466298,105.88528995273266
2023-05-01 15:08:00,52.805594822520305,64.52401189161105,73.3923957072702,86.82916206476496,98.08919175966591,100.91201320146291
2023-05-01 15:08:30,50.62520701397429,65.08688762718678,76.66539389751327,86.48548008818902,98.98663911128344,103.54702596631444
2023-05-01 15:09:00,50.44320263352089,65.27984947553284,78.51611457519097,82.80452360633114,95.08885269188204,104.02205439678681
2023-05-01 15:09:30,59.65249146631169,64.1979103169261,74.29351456725968,81.46348772159666,97.81437472412782,115.15035005047159
2023-05-01 15:10:00,53.14637027877518,61.725171375355025,76.40385229575885,89.56712857086653,90.57405329259679,108.82300189955758
2023-05-01 15:10:30,54.61891662576306,68.2365634665149,72.11606438675213,84.47254798696532,96.0696562606361,104.79650553358626
2023-05-01 15:11:00,53.108610665143594,62.139359627761415,74.26543386825358,82.29465167307771,93.78845636466228,113.53807029212473
2023-05-01 15:11:30,57.79579843084095,62.36226044030894,70.02978518250343,85.63183814590583,90.47530022410281,100.97037185179019
2023-05-01 15:12:00,56.61538157222344,62.62137488514689,75.08159854119064,88.7092455478079,92.91861504742369,118.32189130785237
2023-05-01 15:12:30,56.72007318329035,67.25543235711484,78.69483760742327,82.95555048764356,95.3820492752283,105.72912860413236
2023-05-01 15:13:00,53.61111235194452,67.57716332858384,76.6580339467383,84.61957278398991,97.02279021980823,112.19895701669405
2023-05-01 15:13:30,51.5700010903754,65.84227440167307,79.9093942668769,85.56716228512087,92.26246874288489,116.08549078791638
2023-05-01 15:14:00,59.08314474579815,60.50692750017526,70.70739285889375,86.3181283168787,99.53867401456749,119.28169918882307
2023-05-01 15:14:30,50.88587300024417,68.40886698872862,76.94661603716936,87.98675217500191,93.56501725166476,102.2380951004031
2023-05-01 15:15:00,50.20793596443858,69.4139428458407,70.09264982397389,82.54724562380608,98.97077272519147,103.8751149992399
2023-05-01 15:15:30,52.539403929622395,68.72541941970097,77.38533254367844,83.72128074080443,90.27116749511468,102.2888839940983
2023-05-01 15:16:00,58.38598313467564,68.60573576150067,77.7178286357865,84.42973497151303,91.534555589374,115.2201962388644
2023-05-01 15:16:30,51.142722112597205,63.21435363862776,73.5233829119299,80.29617548554418,91.54840956570744,102.38411673114338
2023-05-01 15:17:00,56.390787435027455,64.55030698350899,73.94032826376016,84.52061534257595,92.62868817100335,100.02672636348517
2023-05-01 15:17:30,55.98085119681646,65.35410266487753,75.71527464336985,80.41179448903225,93.77085364673437,115.54624715654138
2023-05-01 15:18:00,59.50566473405794,60.052612705962886,70.41917758604849,83.64510093111045,92.74914249761069,117.90786948433461
2023-05-01 15:18:30,55.021261547887065,65.53597008731725,73.90100003621842,82.15581470910827,93.8094262131077,115.75031944183988
2023-05-01 15:19:00,57.0389914785033,67.18387094146051,72.72093901561522,85.50681671740841,99.59291027331516,105.76567854592108
2023-05-01 15:19:30,58.04530161306327,67.72246998690571,77.02173801825955,85.00205596229488,94.98172948159412,119.30633016459737
2023-05-01 15:20:00,56.321088619500166,68.86958449002725,74.59357986653782,80.35654247728367,99.38146888003368,103.52346663754244
2023-05-01 15:20:30,59.31750768675658,67.01874422903109,71.96685348893774,81.11852398102974,92.3347339126547,103.84575311882872
2023-05-01 15:21:00,57.058237916209784,65.86511764971173,74.23953434678734,88.09852539131562,91.90909549869109,109.34643090783229
2023-05-01 15:21:30,50.15708008051966,64.31831272417081,78.51101083437764,82.97488553485523,98.25731679399435,109.1027952829973
2023-05-01 15:22:00,55.19503315895832,68.56292180653833,78.28167487464383,81.23449626780422,95.79069044169782,101.2117413050517
2023-05-01 15:22:30,53.98492201844159,62.99009223224601,71.89580013265322,80.62585069349956,92.91251918835884,108.4368323174406
2023-05-01 15:23:00,57.09556536920583,61.38196667533354,73.55145047046412,85.12375504559196,98.25183709691952,106.45775635470096
2023-05-01 15:23:30,58.89519928941343,68.42608578393025,79.54356429621917,83.04847148507457,91.04472535284026,113.30718467287181
2023-05-01 15:24:00,57.68446622078569,69.64142469063785,75.43324313077956,87.1651295319579,93.5892892523062,113.42270777727421
2023-05-01 15:24:30,58.12850354483362,68.68276856395191,72.98773253198344,88.66521949830793,94.43735790025819,118.08873177906736
2023-05-01 15:25:00,58.259376679475,63.244420575090864,70.61134667255735,85.89327090702061,99.43567924167533,115.86901463714469
2023-05-01 15:25:30,50.0105619131031,64.43597314769794,77.89621730314101,89.33961806116767,99.26641510537188,101.49987418864147
2023-05-01 15:26:00,53.23984891078574,60.14220393838908,76.00246193987869,82.28910013896248,97.61904412646817,104.10514792565148
2023-05-01 15:26:30,57.76912728429333,64.59449486106297,72.23366992314477,82.519126780373,93.58826836027946,104.5697270097981
2023-05-01 15:27:00,58.904192079208755,68.51764261090389,77.93272511687742,88.10636323726044,92.35375802601185,103.78817489575518
2023-05-01 15:27:30,50.79394890956684,67.43076338490977,70.6605189799495,85.84922359926702,99.114387747036,101.69458040815402
2023-05-01 15:28:00,52.041010461400205,67.04322892421584,79.54363100644343,88.75721459021926,90.88101324779572,104.6220180510348
2023-05-01 15:28:30,53.97212166355304,62.79307198627025,76.57065963107016,82.03095242163607,99.02103431445906,104.84368155514606
2023-05-01 15:29:00,58.755550494573285,69.86017549404775,73.09041861303305,88.65711204724103,92.53117306537662,101.50877799610672
2023-05-01 15:29:30,55.641708228096405,64.3693139888505,74.01505408892221,88.98473153251959,90.81307504149349,102.66861827867233
2023-05-01 15:30:00,54.01297099046158,66.93701285765877,75.09396468774088,84.71522304272412,90.03653390975015,116.66412433944724
2023-05-01 15:30:30,52.23924497111875,65.373676863325,78.9774220023765,81.84029518855698,91.2117255014985,110.00219551986818
2023-05-01 15:31:00,54.96193527631927,61.79805149497756,73.13228066949576,85.76834436371237,96.13166440450993,114.75432895811117
2023-05-01 15:31:30,51.333729233226194,61.47956511169237,71.64587070933854,81.50206013380178,98.35879995776678,112.6127276551066
2023-05-01 15:32:00,57.50767849516985,64.93080842266673,76.95313203664621,83.86437703779795,93.16701325512169,109.82173969210272
2023-05-01 15:32:30,54.78325001252333,60.50682324723483,77.76188323063906,86.586000479526,92.23498852619927,105.57698373915784
2023-05-01 15:33:00,52.242824632739406,60.91132461464424,74.25153988053987,81.91551814632234,92.29825365612476,108.235399717085
2023-05-01 15:33:30,52.234343609056225,63.74043649805955,75.67083114164517,88.73681660214926,90.7104344282557,105.84309593423197
2023-05-01 15:34:00,55.88403853811093,64.38618388655719,79.28679049293136,89.71858670811886,91.89887135164534,117.07585779961721
2023-05-01 15:34:30,56.68037786743895,61.46642522831576,79.55621201806264,87.99591718217661,99.71254109546412,117.98845431029504
2023-05-01 15:35:00,51.5178195158872,67.37830895028611,70.66066749891318,87.60038573678088,91.08214220777307,106.76992389586943
2023-05-01 15:35:30,56.626516634378596,64.98352166534144,79.72299642426375,83.8892880014539,97.95871604713606,115.90453818889398
2023-05-01 15:36:00,55.757850209665456,68.94831435266181,71.69321656417948,89.72268213572303,93.73368109132859,119.42048543417152
2023-05-01 15:36:30,50.542014353084575,65.98264983481221,77.91633006763007,81.9468734129247,94.2167249949284,117.272142040946
2023-05-01 15:37:00,51.789035628164726,67.42702530885519,78.77751968957713,83.80731883135759,94.61482178190796,100.92501714107881
2023-05-01 15:37:30,57.79664152177908,63.3874699631657,70.79418678896234,81.54168840468223,94.97115774969411,105.44994861778619
2023-05-01 15:38:00,54.93634307415015,63.60322186054143,70.85804248304889,89.87376339621345,98.66836498187838,100.92483120762394
2023-05-01 15:38:30,54.027651502407835,62.838926027496775,75.34528126009457,88.50806709657321,96.60698270170066,105.86093906700027
2023-05-01 15:39:00,51.26673083628326,66.24601722291044,77.23644386524359,88.85225407271052,97.12581430726793,109.56431669199486
2023-05-01 15:39:30,51.97521278565041,68.37046057284911,75.10744144503444,84.31708056310325,96.88074204449701,116.48616281441173
2023-05-01 15:40:00,56.313582038262865,63.36103697041186,77.6097203298801,81.60295691854634,91.83878235080795,117.03598659356862
2023-05-01 15:40:30,50.708403546729414,69.87585048735504,75.3511304018412,84.9392942329048,90.12989444764956,101.64033077571814
2023-05-01 15:41:00,50.44266962478634,65.12631247207902,75.1983790197226,81.11430695668862,99.39135752058131,108.27561743704678
2023-05-01 15:41:30,56.27376934351509,65.55046152079089,72.05779261372837,83.90068467797492,90.5784236344357,117.8035167878952
2023-05-01 15:42:00,51.518724318976574,67.21902575276388,71.62071440347691,85.49371871713838,93.86577610570849,115.86231441952151
2023-05-01 15:42:30,51.519003430440385,64.02221551571996,77.86458985535504,84.29782693230831,98.2384029418831,119.9368643699531
2023-05-01 15:43:00,56.49370139297696,68.83489389182962,72.17692649546095,88.4133188394804,95.61096325034796,115.4456395683478
2023-05-01 15:43:30,54.26869552241288,68.30134316369202,79.89066001426539,89.66329266406768,92.40534040229346,102.71288329465301
2023-05-01 15:44:00,53.90935594181826,69.99816316864633,74.29725370940098,87.35423042649778,99.18840760314788,109.5559577110626
2023-05-01 15:44:30,57.18676208005979,65.97303160082538,73.81393904415553,81.72674746546636,98.52607171609208,116.67204407050033
2023-05-01 15:45:00,53.17937747474604,68.52067473767778,74.57761420474269,84.65185018666975,93.84981504718911,101.68497800923701
2023-05-01 15:45:30,55.384809685274426,65.5752373139708,78.2602258401702,86.89738548606584,95.77623014220012,112.26732383516973
2023-05-01 15:46:00,56.946758507897925,60.0794640913124,72.25614203617424,80.54451946926928,98.23835690822753,113.77122397351738
2023-05-01 15:46:30,58.40691345305468,65.1258885464604,70.36689328736689,89.06869576935077,90.39078224254874,104.21377810008626
2023-05-01 15:47:00,58.767517936650265,60.71025373619216,78.00985866075172,84.86875308323125,99.61698817397533,106.1330787192244
2023-05-01 15:47:30,58.91226307035651,60.341429605265795,75.96017601046756,80.96370960156788,91.30039843427897,119.54179652406378
2023-05-01 15:48:00,54.102251049708954,69.31153835542094,70.40460378592164,82.54963174960515,97.63600485771667,118.85758797583688
2023-05-01 15:48:30,57.7443663610102,65.2450766360241,76.44712003237208,85.66846386791539,93.37943484416871,109.8379453627132
2023-05-01 15:49:00,59.41343762342787,61.97540621445314,73.42468446768645,89.66912847587393,98.70079289581281,104.4127596126059
2023-05-01 15:49:30,51.37756582217977,61.3760171490579,72.93473710734861,87.3340358366167,91.70803419758218,103.46246411803031
2023-05-01 15:50:00,54.587719302516035,65.75792051119821,73.72243744935088,89.00245964241,90.4017553156476,108.68149462520213
2023-05-01 15:50:30,52.65855637763584,66.16187591969029,78.50061019125928,85.48484812172077,96.94269548236248,101.20686134822212
2023-05-01 15:51:00,54.216338804432006,65.49247143851105,77.45394520116926,82.54723579610067,94.59466018747607,111.8483195481345
2023-05-01 15:51:30,52.55522486239984,65.23470570643899,76.00624365080992,83.59016597607295,97.04595800378522,110.98694580846151
2023-05-01 15:52:00,57.76484228281245,64.17749800223947,75.91650060340845,80.31040015128129,96.1933280510013,106.85638052843937
2023-05-01 15:52:30,51.52672682087938,63.15588360123454,77.14560658898189,80.50479240598239,90.2262581338442,114.25770786532573
2023-05-01 15:53:00,59.49353027706165,62.30625965799776,70.70171727995996,85.76794447485693,98.98014837768608,111.58615506602428
2023-05-01 15:53:30,52.63977069699842,63.66631448223762,71.67727292070624,81.49275114279855,92.62038637575345,105.80435842322055
2023-05-01 15:54:00,53.54373083192597,64.06580827531259,73.83870477082246,88.61082135434467,90.27692123946397,115.76102665716034
2023-05-01 15:54:30,51.57831206450678,60.508124734777695,76.2543630069508,88.2212489029967,91.95729114558061,119.7030792857072
2023-05-01 15:55:00,50.08962939105566,64.75161948119856,76.9860714834451,86.02768257305608,93.8238338874415,118.65852605892235
2023-05-01 15:55:30,57.92638256272224,60.240956263075,73.79369198806332,84.1734744689378,99.89761577213405,104.28938503730154
2023-05-01 15:56:00,59.71656942321937,67.84140177025083,77.49450850743321,86.77675470433519,90.9272615042486,103.42438480402491
2023-05-01 15:56:30,59.63173870125785,66.12004153692524,76.02719673532103,81.66190553167193,99.31991919740904,119.89027721647545
2023-05-01 15:57:00,53.75847590236236,60.2693682268858,77.37853576450125,81.92851741296481,94.8245234425515,106.21640234025776
2023-05-01 15:57:30,54.272786106400176,61.955214866697226,77.5984957993295,84.26461281488807,92.03482184920261,108.13223410997698
2023-05-01 15:58:00,50.79846475629045,66.2093940493063,78.86924950385496,82.11260662987556,99.94228465602501,109.86957628898983
2023-05-01 15:58:30,56.91289058205996,67.26920539521505,71.20016719987933,81.43707929805493,93.28866315156021,106.15914183818398
2023-05-01 15:59:00,51.45380712815642,62.46197699561556,78.41859177239067,81.56461843467982,97.9210686376572,103.49113264352512
2023-05-01 15:59:30,59.013892570260765,60.06491050065863,78.36920503450486,83.03395699114766,96.03557683759477,117.99233452588274
2023-05-01 16:00:00,55.138088654379864,60.54736997508628,74.26156133626554,82.2944393083887,99.24476353435134,116.1156837023272
2023-05-01 16:00:30,58.11810759573822,62.82877327749141,77.86932351638369,85.32959803944124,95.81454264640348,115.3348703055663
2023-05-01 16:01:00,53.66228712452363,68.83890827480823,79.37092126615408,84.87446815428807,97.61359387223683,107.55631624443053
2023-05-01 16:01:30,58.3888705872614,61.90322105937822,79.60667033125864,81.94962466907984,90.80113817374394,100.97020112914744
2023-05-01 16:02:00,58.00030384436339,63.8891538502092,72.79619595570244,81.26943821065585,98.97125663158164,114.98606751084021
2023-05-01 16:02:30,53.045464962641965,63.294321034982616,72.18669102575545,86.90179366696297,96.92943174934084,105.4977392240233
2023-05-01 16:03:00,54.776299090564265,68.79973809772413,73.93204932135437,86.09575523256287,93.46909763907908,110.71604150550507
2023-05-01 16:03:30,57.21559515015231,68.277460372072,74.56733922645509,89.4818172880682,96.73798756720521,116.76540342134763
2023-05-01 16:04:00,57.03468508060583,65.47810687025309,76.51185897098443,83.42303571679045,90.86003387208856,102.46189608379288
2023-05-01 16:04:30,59.568665299885836,67.34549697647807,78.2749870218137,84.68846823879939,96.8922093211584,104.75068542224778
2023-05-01 16:05:00,50.40930369514252,61.20960950640449,71.28184410089575,81.78272051225385,99.97889191405356,103.23973517601729
2023-05-01 16:05:30,53.054163796742095,64.97965197134823,74.25041296629026,89.36357960075438,93.86941253773412,119.17396624506898
2023-05-01 16:06:00,55.826468752990706,68.38288002046706,77.62256384539515,87.804528841925,98.17881756334396,114.84361238327533
